{"cameraMode":{"drawMode":0,"name":"Shaded","section":"Shading Mode"},"sceneLighting":false,"audioPlay":false,"sceneViewState":{"showFog":false,"showMaterialUpdate":false,"showSkybox":false,"showFlares":false,"showImageEffects":false,"showParticleSystems":false},"in2DMode":false,"pivot":{"x":14.16900634765625,"y":3.0277671813964845,"z":105.51268005371094},"rotation":{"x":-0.18973220884799958,"y":0.37936487793922427,"z":-0.07979249209165573,"w":-0.9020627737045288},"size":53.653892517089847,"orthographic":false}