{"cameraMode":{"drawMode":0,"name":"Shaded","section":"Shading Mode"},"sceneLighting":false,"audioPlay":false,"sceneViewState":{"showFog":false,"showMaterialUpdate":false,"showSkybox":false,"showFlares":false,"showImageEffects":false,"showParticleSystems":false},"in2DMode":false,"pivot":{"x":24.433696746826173,"y":14.173355102539063,"z":119.8482437133789},"rotation":{"x":-0.14389850199222566,"y":0.30399492383003237,"z":-0.046507179737091067,"w":-0.9405940771102905},"size":53.653892517089847,"orthographic":false}